label,x,y
start,4.552445,50.999615 
end,5.137883,50.565167